r_id,name,surname,email,password,Age,Gender,MaritalStatus,experience,rating,ratingCount,taskCount
211,C,211,c211@courier.com,testcourier,22,Male,Single,1,4.5,10,0
218,C,218,c218@courier.com,testcourier,30,Female,Married,3,4.8,25,0
219,C,219,c219@courier.com,testcourier,25,Male,Single,0,0.0,0,0
221,C,221,c221@courier.com,testcourier,28,Female,Single,2,4.2,15,0
223,C,223,c223@courier.com,testcourier,33,Male,Single,5,3.9,50,2
226,C,226,c226@courier.com,testcourier,20,Female,Single,0,0.0,0,0
227,C,227,c227@courier.com,testcourier,45,Male,Married,10,4.7,88,1
229,C,229,c229@courier.com,testcourier,23,Female,Single,1,3.5,12,0
232,C,232,c232@courier.com,testcourier,29,Male,Single,2,4.1,30,3
234,C,234,c234@courier.com,testcourier,38,Female,Married,7,4.9,95,0
237,C,237,c237@courier.com,testcourier,26,Male,Single,1,3.8,22,1
241,C,241,c241@courier.com,testcourier,21,Female,Single,0,0.0,0,0
246,C,246,c246@courier.com,testcourier,31,Male,Married,4,4.3,45,0
248,C,248,c248@courier.com,testcourier,27,Female,Single,2,4.0,18,2
249,C,249,c249@courier.com,testcourier,35,Male,Married,6,4.6,60,0
250,C,250,c250@courier.com,testcourier,24,Female,Single,1,4.2,9,1
252,C,252,c252@courier.com,testcourier,40,Male,Married,12,4.4,70,0
254,C,254,c254@courier.com,testcourier,32,Female,Married,3,3.7,33,0
256,C,256,c256@courier.com,testcourier,28,Male,Single,2,4.1,28,1
258,C,258,c258@courier.com,testcourier,29,Female,Single,4,4.8,55,0
262,C,262,c262@courier.com,testcourier,19,Male,Single,0,0.0,0,0
263,C,263,c263@courier.com,testcourier,25,Female,Single,0,0.0,0,0
267,C,267,c267@courier.com,testcourier,30,Male,Single,0,0.0,0,0
270,C,270,c270@courier.com,testcourier,35,Female,Married,0,0.0,0,0
271,C,271,c271@courier.com,testcourier,40,Male,Married,0,0.0,0,0
275,C,275,c275@courier.com,testcourier,20,Female,Single,0,0.0,0,0
282,C,282,c282@courier.com,testcourier,28,Male,Single,0,0.0,0,0
287,C,287,c287@courier.com,testcourier,32,Female,Married,0,0.0,0,0
295,C,295,c295@courier.com,testcourier,19,Male,Single,0,0.0,0,0
297,C,297,c297@courier.com,testcourier,27,Female,Single,0,0.0,0,0
304,C,304,c304@courier.com,testcourier,36,Male,Married,5,4.2,40,1
305,C,305,c305@courier.com,testcourier,22,Female,Single,0,0.0,0,0
307,C,307,c307@courier.com,testcourier,31,Male,Single,2,3.8,15,0
308,C,308,c308@courier.com,testcourier,24,Female,Married,0,0.0,0,0
310,C,310,c310@courier.com,testcourier,39,Male,Married,8,4.5,82,3
312,C,312,c312@courier.com,testcourier,26,Female,Single,1,4.1,10,0
322,C,322,c322@courier.com,testcourier,29,Male,Single,0,0.0,0,0
323,C,323,c323@courier.com,testcourier,33,Female,Married,4,4.6,35,0
325,C,325,c325@courier.com,testcourier,42,Male,Married,11,4.3,90,0
327,C,327,c327@courier.com,testcourier,21,Female,Single,0,0.0,0,0
328,C,328,c328@courier.com,testcourier,30,Male,Single,0,0.0,0,0
330,C,330,c330@courier.com,testcourier,25,Female,Married,2,3.9,20,0
333,C,333,c333@courier.com,testcourier,35,Male,Married,6,4.7,55,1
343,C,343,c343@courier.com,testcourier,23,Female,Single,0,0.0,0,0
346,C,346,c346@courier.com,testcourier,37,Male,Single,4,4.0,38,0
352,C,352,c352@courier.com,testcourier,28,Female,Married,0,0.0,0,0
363,C,363,c363@courier.com,testcourier,41,Male,Married,9,4.4,75,2
364,C,364,c364@courier.com,testcourier,20,Female,Single,0,0.0,0,0
372,C,372,c372@courier.com,testcourier,34,Male,Single,3,4.1,28,0
381,C,381,c381@courier.com,testcourier,26,Female,Married,0,0.0,0,0
383,C,383,c383@courier.com,testcourier,38,Male,Married,7,4.8,65,0
385,C,385,c385@courier.com,testcourier,22,Female,Single,0,0.0,0,0
392,C,392,c392@courier.com,testcourier,33,Male,Single,1,3.6,12,0
397,C,397,c397@courier.com,testcourier,29,Female,Married,2,4.3,22,0
399,C,399,c399@courier.com,testcourier,39,Male,Married,5,4.5,48,1
402,C,402,c402@courier.com,testcourier,24,Female,Single,0,0.0,0,0
403,C,403,c403@courier.com,testcourier,31,Male,Single,0,0.0,0,0
407,C,407,c407@courier.com,testcourier,27,Female,Married,3,4.0,30,0
408,C,408,c408@courier.com,testcourier,40,Male,Married,8,4.7,85,2
410,C,410,c410@courier.com,testcourier,21,Female,Single,0,0.0,0,0
